model,n_bindings,n_queries,per_query_teacher_forced,per_query_free_running,exact_teacher_forced,exact_free_running,queries_flipped,n,seed
hybrid_sweep,2,2,1.0,1.0,1.0,1.0,0,500,0
transformer_sweep,2,2,0.998,0.996,0.996,0.996,2,500,0
gated_linear_sweep,2,2,1.0,1.0,1.0,1.0,0,500,0
hybrid_sweep,4,4,1.0,1.0,1.0,1.0,0,500,0
transformer_sweep,4,4,0.993,0.986,0.972,0.972,14,500,0
gated_linear_sweep,4,4,0.999,0.999,0.996,0.996,0,500,0
hybrid_sweep,8,8,1.0,1.0,1.0,1.0,0,500,0
transformer_sweep,8,8,0.9795,0.962,0.846,0.846,70,500,0
gated_linear_sweep,8,8,0.9998,0.9998,0.998,0.998,0,500,0
hybrid_sweep,16,16,0.9999,0.9999,0.998,0.998,0,500,0
transformer_sweep,16,16,0.9513,0.9136,0.458,0.458,329,500,0
gated_linear_sweep,16,16,0.9945,0.9936,0.92,0.92,7,500,0
hybrid_sweep,32,16,1.0,1.0,1.0,1.0,0,500,0
transformer_sweep,32,16,0.8435,0.8115,0.046,0.046,402,500,0
gated_linear_sweep,32,16,0.9712,0.9692,0.628,0.628,24,500,0
hybrid_sweep,64,16,0.9909,0.9909,0.856,0.856,0,500,0
transformer_sweep,64,16,0.6114,0.5894,0.0,0.0,588,500,0
gated_linear_sweep,64,16,0.5521,0.5507,0.0,0.0,367,500,0
hybrid_sweep,128,16,0.9884,0.9881,0.836,0.836,2,500,0
transformer_sweep,128,16,0.3144,0.3064,0.0,0.0,650,500,0
gated_linear_sweep,128,16,0.3064,0.3031,0.0,0.0,330,500,0
