model,n_bindings,layer,role,n_tokens,gamma_mean,gamma_std,gamma_p05,gamma_p50,gamma_p95,head_mean_min,head_mean_max,fact_log10_retention,bias_mean,weight_norm,n,seed
hybrid_sweep,8,backbone.blocks.0.mixer,set_key,66416,0.14905,0.19679,0.01651,0.07285,0.77287,0.0539,0.3142,,-0.095,0.9206,500,0
hybrid_sweep,8,backbone.blocks.0.mixer,set_value,30360,0.31105,0.25026,0.02553,0.28257,0.74705,0.04283,0.51294,-231.714,-0.095,0.9206,500,0
hybrid_sweep,8,backbone.blocks.0.mixer,distractor,416000,0.11924,0.08198,0.04109,0.08222,0.29097,0.05961,0.24276,,-0.095,0.9206,500,0
hybrid_sweep,8,backbone.blocks.0.mixer,query,66416,0.11778,0.16571,0.01323,0.05843,0.6136,0.03911,0.2534,,-0.095,0.9206,500,0
hybrid_sweep,8,backbone.blocks.0.mixer,answer,32000,0.30675,0.247,0.02434,0.27889,0.75026,0.04141,0.49644,,-0.095,0.9206,500,0
hybrid_sweep,8,backbone.blocks.1.mixer,set_key,66416,0.61452,0.38593,0.00072,0.78313,0.99635,0.47851,0.67402,,0.0381,1.451,500,0
hybrid_sweep,8,backbone.blocks.1.mixer,set_value,30360,0.18224,0.26458,0.00226,0.08223,0.9808,0.16466,0.21698,-21.129,0.0381,1.451,500,0
hybrid_sweep,8,backbone.blocks.1.mixer,distractor,416000,0.97326,0.07241,0.89249,0.9996,0.99997,0.91639,0.99432,,0.0381,1.451,500,0
hybrid_sweep,8,backbone.blocks.1.mixer,query,66416,0.90136,0.1389,0.59023,0.97278,0.99936,0.7081,0.97517,,0.0381,1.451,500,0
hybrid_sweep,8,backbone.blocks.1.mixer,answer,32000,0.75378,0.24017,0.25565,0.8445,0.99252,0.41749,0.87269,,0.0381,1.451,500,0
hybrid_sweep,8,backbone.blocks.3.mixer,set_key,66416,0.72947,0.22299,0.3029,0.83229,0.94685,0.37545,0.90847,,0.0471,0.7826,500,0
hybrid_sweep,8,backbone.blocks.3.mixer,set_value,30360,0.71098,0.20361,0.34154,0.78145,0.93658,0.40216,0.88747,-41.776,0.0471,0.7826,500,0
hybrid_sweep,8,backbone.blocks.3.mixer,distractor,416000,0.69833,0.21524,0.31327,0.78336,0.91994,0.35471,0.88595,,0.0471,0.7826,500,0
hybrid_sweep,8,backbone.blocks.3.mixer,query,66416,0.73542,0.23129,0.27745,0.83861,0.95206,0.36666,0.91956,,0.0471,0.7826,500,0
hybrid_sweep,8,backbone.blocks.3.mixer,answer,32000,0.72801,0.22749,0.2986,0.82293,0.95738,0.375,0.91965,,0.0471,0.7826,500,0
gated_linear_sweep,8,backbone.blocks.0.mixer,set_key,66416,0.30192,0.27484,0.00362,0.19995,0.83889,0.22908,0.37436,,-0.0438,1.3215,500,0
gated_linear_sweep,8,backbone.blocks.0.mixer,set_value,30360,0.39904,0.34034,0.03564,0.22392,0.92327,0.08767,0.78151,-161.823,-0.0438,1.3215,500,0
gated_linear_sweep,8,backbone.blocks.0.mixer,distractor,416000,0.28068,0.20707,0.03049,0.259,0.65697,0.13863,0.41052,,-0.0438,1.3215,500,0
gated_linear_sweep,8,backbone.blocks.0.mixer,query,66416,0.28283,0.23587,0.01275,0.22917,0.73122,0.16277,0.48315,,-0.0438,1.3215,500,0
gated_linear_sweep,8,backbone.blocks.0.mixer,answer,32000,0.39645,0.33552,0.03685,0.23084,0.91812,0.0918,0.77644,,-0.0438,1.3215,500,0
gated_linear_sweep,8,backbone.blocks.1.mixer,set_key,66416,0.99947,0.00482,0.99964,1.0,1.0,0.99799,0.99997,,0.1829,2.4897,500,0
gated_linear_sweep,8,backbone.blocks.1.mixer,set_value,30360,0.99997,0.00012,0.99987,1.0,1.0,0.9999,1.0,-8.109,0.1829,2.4897,500,0
gated_linear_sweep,8,backbone.blocks.1.mixer,distractor,416000,0.92917,0.14431,0.60305,1.0,1.0,0.71669,1.0,,0.1829,2.4897,500,0
gated_linear_sweep,8,backbone.blocks.1.mixer,query,66416,0.99993,0.00066,0.99996,1.0,1.0,0.99973,1.0,,0.1829,2.4897,500,0
gated_linear_sweep,8,backbone.blocks.1.mixer,answer,32000,0.99998,8e-05,0.99993,1.0,1.0,0.99994,1.0,,0.1829,2.4897,500,0
gated_linear_sweep,8,backbone.blocks.2.mixer,set_key,66416,0.99982,0.00103,0.99943,1.0,1.0,0.99937,0.99999,,0.1195,2.4198,500,0
gated_linear_sweep,8,backbone.blocks.2.mixer,set_value,30360,0.99998,0.00012,0.99989,1.0,1.0,0.99991,1.0,-0.001,0.1195,2.4198,500,0
gated_linear_sweep,8,backbone.blocks.2.mixer,distractor,416000,1.0,4e-05,0.99999,1.0,1.0,0.99999,1.0,,0.1195,2.4198,500,0
gated_linear_sweep,8,backbone.blocks.2.mixer,query,66416,0.99994,0.00038,0.99981,1.0,1.0,0.9998,1.0,,0.1195,2.4198,500,0
gated_linear_sweep,8,backbone.blocks.2.mixer,answer,32000,0.99995,0.00021,0.99972,1.0,1.0,0.99985,1.0,,0.1195,2.4198,500,0
gated_linear_sweep,8,backbone.blocks.3.mixer,set_key,66416,0.99347,0.0236,0.9735,0.99938,1.0,0.98934,0.99941,,0.1027,2.4956,500,0
gated_linear_sweep,8,backbone.blocks.3.mixer,set_value,30360,0.99664,0.0072,0.98399,0.99964,1.0,0.99089,1.0,-10.029,0.1027,2.4956,500,0
gated_linear_sweep,8,backbone.blocks.3.mixer,distractor,416000,0.90235,0.10857,0.73729,0.99943,1.0,0.78754,1.0,,0.1027,2.4956,500,0
gated_linear_sweep,8,backbone.blocks.3.mixer,query,66416,0.99945,0.0024,0.99831,0.99997,1.0,0.99884,1.0,,0.1027,2.4956,500,0
gated_linear_sweep,8,backbone.blocks.3.mixer,answer,32000,0.99976,0.0009,0.99902,0.99996,1.0,0.99956,1.0,,0.1027,2.4956,500,0
gated_linear_sweep,8,backbone.blocks.4.mixer,set_key,66416,0.99723,0.01735,0.99551,0.99999,1.0,0.99415,0.99986,,0.0651,2.0139,500,0
gated_linear_sweep,8,backbone.blocks.4.mixer,set_value,30360,0.99993,0.00032,0.99971,1.0,1.0,0.99977,1.0,-0.002,0.0651,2.0139,500,0
gated_linear_sweep,8,backbone.blocks.4.mixer,distractor,416000,0.99999,0.00011,0.99999,1.0,1.0,0.99998,1.0,,0.0651,2.0139,500,0
gated_linear_sweep,8,backbone.blocks.4.mixer,query,66416,0.9999,0.00037,0.99949,0.99999,1.0,0.99979,1.0,,0.0651,2.0139,500,0
gated_linear_sweep,8,backbone.blocks.4.mixer,answer,32000,0.9998,0.00075,0.99909,0.99999,1.0,0.99945,1.0,,0.0651,2.0139,500,0
hybrid_sweep,32,backbone.blocks.0.mixer,set_key,264828,0.14993,0.19769,0.01641,0.07342,0.77287,0.05479,0.31353,,-0.095,0.9206,500,0
hybrid_sweep,32,backbone.blocks.0.mixer,set_value,121308,0.31082,0.25051,0.02528,0.28148,0.74602,0.0426,0.51272,-188.957,-0.095,0.9206,500,0
hybrid_sweep,32,backbone.blocks.0.mixer,distractor,192000,0.11921,0.08269,0.04028,0.08205,0.29164,0.05939,0.24225,,-0.095,0.9206,500,0
hybrid_sweep,32,backbone.blocks.0.mixer,query,132536,0.11755,0.16581,0.01306,0.05714,0.6136,0.03865,0.25114,,-0.095,0.9206,500,0
hybrid_sweep,32,backbone.blocks.0.mixer,answer,64000,0.30583,0.24684,0.02422,0.2779,0.75018,0.04095,0.49504,,-0.095,0.9206,500,0
hybrid_sweep,32,backbone.blocks.1.mixer,set_key,264828,0.61667,0.38456,0.00072,0.77654,0.99672,0.49043,0.6734,,0.0381,1.451,500,0
hybrid_sweep,32,backbone.blocks.1.mixer,set_value,121308,0.17883,0.26079,0.00212,0.08119,0.97934,0.16175,0.2131,-79.871,0.0381,1.451,500,0
hybrid_sweep,32,backbone.blocks.1.mixer,distractor,192000,0.96606,0.0976,0.88371,0.99947,0.99997,0.9097,0.98852,,0.0381,1.451,500,0
hybrid_sweep,32,backbone.blocks.1.mixer,query,132536,0.8985,0.13898,0.59064,0.96954,0.99851,0.70476,0.97352,,0.0381,1.451,500,0
hybrid_sweep,32,backbone.blocks.1.mixer,answer,64000,0.74617,0.24034,0.24903,0.83212,0.99152,0.41065,0.86513,,0.0381,1.451,500,0
hybrid_sweep,32,backbone.blocks.3.mixer,set_key,264828,0.73098,0.22134,0.30886,0.83393,0.94518,0.38033,0.90836,,0.0471,0.7826,500,0
hybrid_sweep,32,backbone.blocks.3.mixer,set_value,121308,0.70867,0.20331,0.33671,0.77893,0.9347,0.4017,0.88543,-33.009,0.0471,0.7826,500,0
hybrid_sweep,32,backbone.blocks.3.mixer,distractor,192000,0.69911,0.21,0.32035,0.78134,0.91713,0.36499,0.88305,,0.0471,0.7826,500,0
hybrid_sweep,32,backbone.blocks.3.mixer,query,132536,0.72905,0.23147,0.2764,0.8325,0.94768,0.3607,0.91546,,0.0471,0.7826,500,0
hybrid_sweep,32,backbone.blocks.3.mixer,answer,64000,0.72375,0.22046,0.30865,0.81271,0.95253,0.38717,0.91239,,0.0471,0.7826,500,0
gated_linear_sweep,32,backbone.blocks.0.mixer,set_key,264828,0.30358,0.27648,0.00379,0.20088,0.85071,0.23133,0.3747,,-0.0438,1.3215,500,0
gated_linear_sweep,32,backbone.blocks.0.mixer,set_value,121308,0.39869,0.34014,0.03564,0.22407,0.92331,0.08725,0.77999,-141.066,-0.0438,1.3215,500,0
gated_linear_sweep,32,backbone.blocks.0.mixer,distractor,192000,0.28143,0.20766,0.03051,0.26259,0.6612,0.14054,0.41021,,-0.0438,1.3215,500,0
gated_linear_sweep,32,backbone.blocks.0.mixer,query,132536,0.28357,0.23494,0.01316,0.23078,0.72958,0.16324,0.48157,,-0.0438,1.3215,500,0
gated_linear_sweep,32,backbone.blocks.0.mixer,answer,64000,0.39638,0.33514,0.03666,0.23125,0.91811,0.09189,0.77563,,-0.0438,1.3215,500,0
gated_linear_sweep,32,backbone.blocks.1.mixer,set_key,264828,0.99985,0.00243,0.99988,1.0,1.0,0.99944,1.0,,0.1829,2.4897,500,0
gated_linear_sweep,32,backbone.blocks.1.mixer,set_value,121308,0.99998,0.00011,0.99987,1.0,1.0,0.9999,1.0,-3.655,0.1829,2.4897,500,0
gated_linear_sweep,32,backbone.blocks.1.mixer,distractor,192000,0.93079,0.14286,0.60601,1.0,1.0,0.72318,1.0,,0.1829,2.4897,500,0
gated_linear_sweep,32,backbone.blocks.1.mixer,query,132536,0.99996,0.00047,0.99998,1.0,1.0,0.99984,1.0,,0.1829,2.4897,500,0
gated_linear_sweep,32,backbone.blocks.1.mixer,answer,64000,0.99998,8e-05,0.99992,1.0,1.0,0.99994,1.0,,0.1829,2.4897,500,0
gated_linear_sweep,32,backbone.blocks.2.mixer,set_key,264828,0.99991,0.00057,0.9996,1.0,1.0,0.99967,1.0,,0.1195,2.4198,500,0
gated_linear_sweep,32,backbone.blocks.2.mixer,set_value,121308,0.99997,0.00013,0.99989,1.0,1.0,0.99991,1.0,-0.002,0.1195,2.4198,500,0
gated_linear_sweep,32,backbone.blocks.2.mixer,distractor,192000,1.0,5e-05,0.99999,1.0,1.0,0.99999,1.0,,0.1195,2.4198,500,0
gated_linear_sweep,32,backbone.blocks.2.mixer,query,132536,0.99995,0.00033,0.99984,1.0,1.0,0.99983,1.0,,0.1195,2.4198,500,0
gated_linear_sweep,32,backbone.blocks.2.mixer,answer,64000,0.99995,0.00019,0.99976,1.0,1.0,0.99987,1.0,,0.1195,2.4198,500,0
gated_linear_sweep,32,backbone.blocks.3.mixer,set_key,264828,0.99674,0.01268,0.98688,0.99962,1.0,0.99333,0.99985,,0.1027,2.4956,500,0
gated_linear_sweep,32,backbone.blocks.3.mixer,set_value,121308,0.99734,0.00571,0.98723,0.99972,1.0,0.9927,1.0,-3.837,0.1027,2.4956,500,0
gated_linear_sweep,32,backbone.blocks.3.mixer,distractor,192000,0.9194,0.09458,0.7747,0.99958,1.0,0.83363,1.0,,0.1027,2.4956,500,0
gated_linear_sweep,32,backbone.blocks.3.mixer,query,132536,0.99971,0.00138,0.99908,0.99998,1.0,0.9994,1.0,,0.1027,2.4956,500,0
gated_linear_sweep,32,backbone.blocks.3.mixer,answer,64000,0.99982,0.00049,0.99918,0.99997,1.0,0.99958,1.0,,0.1027,2.4956,500,0
gated_linear_sweep,32,backbone.blocks.4.mixer,set_key,264828,0.99918,0.00877,0.99899,0.99999,1.0,0.9982,0.99997,,0.0651,2.0139,500,0
gated_linear_sweep,32,backbone.blocks.4.mixer,set_value,121308,0.99994,0.00026,0.99976,1.0,1.0,0.99982,1.0,-0.006,0.0651,2.0139,500,0
gated_linear_sweep,32,backbone.blocks.4.mixer,distractor,192000,0.99999,0.0001,0.99999,1.0,1.0,0.99998,1.0,,0.0651,2.0139,500,0
gated_linear_sweep,32,backbone.blocks.4.mixer,query,132536,0.99994,0.00021,0.99975,1.0,1.0,0.99988,1.0,,0.0651,2.0139,500,0
gated_linear_sweep,32,backbone.blocks.4.mixer,answer,64000,0.9999,0.00037,0.99957,0.99999,1.0,0.99975,1.0,,0.0651,2.0139,500,0
