model,n_bindings,n_prior,condition,accuracy,ci_low,ci_high,mean_logprob,error_copy_rate,delta_vs_oracle,delta_ci_low,delta_ci_high,final_pos,n,seed
hybrid_sweep,8,0,none,1.0,0.9924,1.0,-0.0002,0.0,0.0,0.0,0.0,512,500,0
transformer_sweep,8,0,none,0.95,0.9272,0.9659,-0.0766,0.0,0.0,0.0,0.0,512,500,0
gated_linear_sweep,8,0,none,0.984,0.9687,0.9919,-0.0408,0.0,0.0,0.0,0.0,512,500,0
hybrid_sweep,8,3,neutral,1.0,0.9924,1.0,-0.0004,0.0,0.0,0.0,0.0,530.4,500,0
hybrid_sweep,8,3,oracle,1.0,0.9924,1.0,-0.0004,0.0,0.0,0.0,0.0,530.4,500,0
hybrid_sweep,8,3,generated,1.0,0.9924,1.0,-0.0004,0.0,0.0,0.0,0.0,530.4,500,0
hybrid_sweep,8,3,reordered,1.0,0.9924,1.0,-0.0004,0.0,0.0,0.0,0.0,530.4,500,0
transformer_sweep,8,3,neutral,0.958,0.9366,0.9724,-0.0641,0.4286,-0.01,-0.024,0.002,530.4,500,0
transformer_sweep,8,3,oracle,0.968,0.9487,0.9802,-0.0452,0.125,0.0,0.0,0.0,530.4,500,0
transformer_sweep,8,3,generated,0.962,0.9414,0.9755,-0.084,0.3158,-0.006,-0.014,0.0,530.4,500,0
transformer_sweep,8,3,reordered,0.968,0.9487,0.9802,-0.045,0.125,0.0,0.0,0.0,530.4,500,0
gated_linear_sweep,8,3,neutral,0.978,0.961,0.9877,-0.0481,0.4545,-0.01,-0.02,0.0,530.4,500,0
gated_linear_sweep,8,3,oracle,0.988,0.9741,0.9945,-0.0361,0.0,0.0,0.0,0.0,530.4,500,0
gated_linear_sweep,8,3,generated,0.982,0.9661,0.9905,-0.0575,0.2222,-0.006,-0.014,0.0,530.4,500,0
gated_linear_sweep,8,3,reordered,0.988,0.9741,0.9945,-0.0341,0.1667,0.0,-0.008,0.008,530.4,500,0
hybrid_sweep,8,7,neutral,0.998,0.9888,0.9996,-0.004,0.0,0.0,0.0,0.0,555.1,500,0
hybrid_sweep,8,7,oracle,0.998,0.9888,0.9996,-0.003,0.0,0.0,0.0,0.0,555.1,500,0
hybrid_sweep,8,7,generated,0.998,0.9888,0.9996,-0.003,0.0,0.0,0.0,0.0,555.1,500,0
hybrid_sweep,8,7,reordered,0.998,0.9888,0.9996,-0.0028,0.0,0.0,0.0,0.0,555.1,500,0
transformer_sweep,8,7,neutral,0.96,0.939,0.974,-0.0629,1.0,-0.034,-0.05,-0.018,555.1,500,0
transformer_sweep,8,7,oracle,0.994,0.9825,0.998,-0.014,1.0,0.0,0.0,0.0,555.1,500,0
transformer_sweep,8,7,generated,0.968,0.9487,0.9802,-0.1368,0.9375,-0.026,-0.04,-0.014,555.1,500,0
transformer_sweep,8,7,reordered,0.994,0.9825,0.998,-0.0138,1.0,0.0,0.0,0.0,555.1,500,0
gated_linear_sweep,8,7,neutral,0.99,0.9768,0.9957,-0.037,1.0,-0.01,-0.02,-0.002,555.1,500,0
gated_linear_sweep,8,7,oracle,1.0,0.9924,1.0,-0.0092,0.0,0.0,0.0,0.0,555.1,500,0
gated_linear_sweep,8,7,generated,0.992,0.9796,0.9969,-0.0241,1.0,-0.008,-0.016,-0.002,555.1,500,0
gated_linear_sweep,8,7,reordered,1.0,0.9924,1.0,-0.0094,0.0,0.0,0.0,0.0,555.1,500,0
hybrid_sweep,32,0,none,0.998,0.9888,0.9996,-0.0055,0.0,0.0,0.0,0.0,512,500,0
transformer_sweep,32,0,none,0.81,0.7733,0.842,-0.3618,0.0,0.0,0.0,0.0,512,500,0
gated_linear_sweep,32,0,none,0.862,0.829,0.8895,-0.3644,0.0,0.0,0.0,0.0,512,500,0
hybrid_sweep,32,3,neutral,1.0,0.9924,1.0,-0.0003,0.0,0.0,0.0,0.0,530.4,500,0
hybrid_sweep,32,3,oracle,1.0,0.9924,1.0,-0.0003,0.0,0.0,0.0,0.0,530.4,500,0
hybrid_sweep,32,3,generated,1.0,0.9924,1.0,-0.0003,0.0,0.0,0.0,0.0,530.4,500,0
hybrid_sweep,32,3,reordered,1.0,0.9924,1.0,-0.0003,0.0,0.0,0.0,0.0,530.4,500,0
transformer_sweep,32,3,neutral,0.81,0.7733,0.842,-0.3555,0.2105,-0.03,-0.05,-0.01,530.4,500,0
transformer_sweep,32,3,oracle,0.84,0.8053,0.8695,-0.3356,0.0625,0.0,0.0,0.0,530.4,500,0
transformer_sweep,32,3,generated,0.83,0.7946,0.8604,-0.3873,0.1059,-0.01,-0.024,0.002,530.4,500,0
transformer_sweep,32,3,reordered,0.84,0.8053,0.8695,-0.3349,0.05,0.0,-0.006,0.006,530.4,500,0
gated_linear_sweep,32,3,neutral,0.864,0.8312,0.8913,-0.3318,0.1029,-0.002,-0.016,0.012,530.4,500,0
gated_linear_sweep,32,3,oracle,0.866,0.8333,0.8931,-0.3183,0.0448,0.0,0.0,0.0,530.4,500,0
gated_linear_sweep,32,3,generated,0.862,0.829,0.8895,-0.3248,0.058,-0.004,-0.012,0.004,530.4,500,0
gated_linear_sweep,32,3,reordered,0.862,0.829,0.8895,-0.3144,0.0435,-0.004,-0.016,0.006,530.4,500,0
hybrid_sweep,32,7,neutral,1.0,0.9924,1.0,-0.0003,0.0,0.0,0.0,0.0,555.0,500,0
hybrid_sweep,32,7,oracle,1.0,0.9924,1.0,-0.0003,0.0,0.0,0.0,0.0,555.0,500,0
hybrid_sweep,32,7,generated,1.0,0.9924,1.0,-0.0003,0.0,0.0,0.0,0.0,555.0,500,0
hybrid_sweep,32,7,reordered,1.0,0.9924,1.0,-0.0003,0.0,0.0,0.0,0.0,555.0,500,0
transformer_sweep,32,7,neutral,0.834,0.7989,0.864,-0.313,0.3373,-0.03,-0.054,-0.006,555.0,500,0
transformer_sweep,32,7,oracle,0.864,0.8312,0.8913,-0.262,0.0735,0.0,0.0,0.0,555.0,500,0
transformer_sweep,32,7,generated,0.846,0.8117,0.875,-0.3682,0.2208,-0.018,-0.034,-0.004,555.0,500,0
transformer_sweep,32,7,reordered,0.864,0.8312,0.8913,-0.2617,0.0735,0.0,-0.006,0.006,555.0,500,0
gated_linear_sweep,32,7,neutral,0.886,0.8552,0.911,-0.3251,0.4561,-0.02,-0.04,0.0,555.0,500,0
gated_linear_sweep,32,7,oracle,0.906,0.8772,0.9286,-0.2966,0.1702,0.0,0.0,0.0,555.0,500,0
gated_linear_sweep,32,7,generated,0.892,0.8617,0.9163,-0.3221,0.2778,-0.014,-0.026,-0.004,555.0,500,0
gated_linear_sweep,32,7,reordered,0.902,0.8728,0.9251,-0.2952,0.2245,-0.004,-0.012,0.004,555.0,500,0
hybrid_sweep,32,15,neutral,1.0,0.9924,1.0,-0.0003,0.0,0.0,0.0,0.0,604.1,500,0
hybrid_sweep,32,15,oracle,1.0,0.9924,1.0,-0.0005,0.0,0.0,0.0,0.0,604.1,500,0
hybrid_sweep,32,15,generated,1.0,0.9924,1.0,-0.0005,0.0,0.0,0.0,0.0,604.1,500,0
hybrid_sweep,32,15,reordered,1.0,0.9924,1.0,-0.0005,0.0,0.0,0.0,0.0,604.1,500,0
transformer_sweep,32,15,neutral,0.818,0.7818,0.8494,-0.3271,0.6154,-0.054,-0.082,-0.026,604.1,500,0
transformer_sweep,32,15,oracle,0.872,0.8399,0.8985,-0.2451,0.2188,0.0,0.0,0.0,604.1,500,0
transformer_sweep,32,15,generated,0.83,0.7946,0.8604,-0.3844,0.4824,-0.042,-0.066,-0.02,604.1,500,0
transformer_sweep,32,15,reordered,0.86,0.8268,0.8877,-0.2482,0.2,-0.012,-0.022,-0.004,604.1,500,0
gated_linear_sweep,32,15,neutral,0.876,0.8442,0.9021,-0.3155,0.5645,-0.032,-0.056,-0.01,604.1,500,0
gated_linear_sweep,32,15,oracle,0.908,0.8795,0.9303,-0.2462,0.2826,0.0,0.0,0.0,604.1,500,0
gated_linear_sweep,32,15,generated,0.886,0.8552,0.911,-0.289,0.386,-0.022,-0.04,-0.006,604.1,500,0
gated_linear_sweep,32,15,reordered,0.918,0.8906,0.939,-0.2414,0.2439,0.01,0.0,0.022,604.1,500,0
hybrid_sweep,64,0,none,1.0,0.9924,1.0,-0.0016,0.0,0.0,0.0,0.0,512,500,0
transformer_sweep,64,0,none,0.622,0.5787,0.6634,-0.8212,0.0,0.0,0.0,0.0,512,500,0
gated_linear_sweep,64,0,none,0.672,0.6297,0.7117,-0.8942,0.0,0.0,0.0,0.0,512,500,0
hybrid_sweep,64,3,neutral,1.0,0.9924,1.0,-0.0018,0.0,0.0,0.0,0.0,530.5,500,0
hybrid_sweep,64,3,oracle,1.0,0.9924,1.0,-0.0023,0.0,0.0,0.0,0.0,530.5,500,0
hybrid_sweep,64,3,generated,1.0,0.9924,1.0,-0.0023,0.0,0.0,0.0,0.0,530.5,500,0
hybrid_sweep,64,3,reordered,1.0,0.9924,1.0,-0.0023,0.0,0.0,0.0,0.0,530.5,500,0
transformer_sweep,64,3,neutral,0.632,0.5889,0.6731,-0.8052,0.0707,0.004,-0.012,0.02,530.5,500,0
transformer_sweep,64,3,oracle,0.628,0.5848,0.6692,-0.7864,0.0215,0.0,0.0,0.0,530.5,500,0
transformer_sweep,64,3,generated,0.622,0.5787,0.6634,-0.8107,0.0582,-0.006,-0.02,0.008,530.5,500,0
transformer_sweep,64,3,reordered,0.636,0.5929,0.677,-0.7867,0.022,0.008,0.0,0.018,530.5,500,0
gated_linear_sweep,64,3,neutral,0.632,0.5889,0.6731,-0.9597,0.1087,-0.014,-0.03,0.002,530.5,500,0
gated_linear_sweep,64,3,oracle,0.646,0.6031,0.6867,-0.9467,0.0565,0.0,0.0,0.0,530.5,500,0
gated_linear_sweep,64,3,generated,0.65,0.6072,0.6905,-0.9515,0.0914,0.004,-0.01,0.018,530.5,500,0
gated_linear_sweep,64,3,reordered,0.65,0.6072,0.6905,-0.9379,0.0514,0.004,-0.01,0.018,530.5,500,0
hybrid_sweep,64,7,neutral,1.0,0.9924,1.0,-0.001,0.0,0.0,0.0,0.0,555.0,500,0
hybrid_sweep,64,7,oracle,1.0,0.9924,1.0,-0.0005,0.0,0.0,0.0,0.0,555.0,500,0
hybrid_sweep,64,7,generated,1.0,0.9924,1.0,-0.0005,0.0,0.0,0.0,0.0,555.0,500,0
hybrid_sweep,64,7,reordered,1.0,0.9924,1.0,-0.0006,0.0,0.0,0.0,0.0,555.0,500,0
transformer_sweep,64,7,neutral,0.664,0.6215,0.704,-0.7696,0.131,-0.02,-0.046,0.004,555.0,500,0
transformer_sweep,64,7,oracle,0.684,0.642,0.7232,-0.7443,0.0253,0.0,0.0,0.0,555.0,500,0
transformer_sweep,64,7,generated,0.674,0.6317,0.7136,-0.7981,0.0982,-0.01,-0.032,0.01,555.0,500,0
transformer_sweep,64,7,reordered,0.672,0.6297,0.7117,-0.7438,0.0366,-0.012,-0.028,0.002,555.0,500,0
gated_linear_sweep,64,7,neutral,0.688,0.6461,0.727,-0.9046,0.1859,0.002,-0.02,0.024,555.0,500,0
gated_linear_sweep,64,7,oracle,0.686,0.644,0.7251,-0.8739,0.1401,0.0,0.0,0.0,555.0,500,0
gated_linear_sweep,64,7,generated,0.69,0.6481,0.729,-0.8953,0.1484,0.004,-0.012,0.02,555.0,500,0
gated_linear_sweep,64,7,reordered,0.68,0.6379,0.7194,-0.8758,0.1313,-0.006,-0.02,0.01,555.0,500,0
hybrid_sweep,64,15,neutral,1.0,0.9924,1.0,-0.0004,0.0,0.0,0.0,0.0,604.1,500,0
hybrid_sweep,64,15,oracle,1.0,0.9924,1.0,-0.0006,0.0,0.0,0.0,0.0,604.1,500,0
hybrid_sweep,64,15,generated,1.0,0.9924,1.0,-0.0006,0.0,0.0,0.0,0.0,604.1,500,0
hybrid_sweep,64,15,reordered,1.0,0.9924,1.0,-0.0017,0.0,0.0,0.0,0.0,604.1,500,0
transformer_sweep,64,15,neutral,0.676,0.6338,0.7155,-0.8084,0.3395,0.0,-0.028,0.03,604.1,500,0
transformer_sweep,64,15,oracle,0.676,0.6338,0.7155,-0.7612,0.1235,0.0,0.0,0.0,604.1,500,0
transformer_sweep,64,15,generated,0.638,0.595,0.6789,-0.9025,0.2652,-0.038,-0.068,-0.008,604.1,500,0
transformer_sweep,64,15,reordered,0.674,0.6317,0.7136,-0.7516,0.135,-0.002,-0.018,0.014,604.1,500,0
gated_linear_sweep,64,15,neutral,0.646,0.6031,0.6867,-0.9274,0.3277,-0.034,-0.062,-0.006,604.1,500,0
gated_linear_sweep,64,15,oracle,0.68,0.6379,0.7194,-0.8598,0.1812,0.0,0.0,0.0,604.1,500,0
gated_linear_sweep,64,15,generated,0.662,0.6194,0.7021,-0.9245,0.2663,-0.018,-0.04,0.004,604.1,500,0
gated_linear_sweep,64,15,reordered,0.674,0.6317,0.7136,-0.8656,0.2147,-0.006,-0.022,0.01,604.1,500,0
