model,n_bindings,condition,layer,clamp,gamma_clamped,per_query,delta,delta_ci_low,delta_ci_high,n,seed
hybrid_sweep,8,none,,none,,0.8498,0.0,0.0,0.0,500,0
hybrid_sweep,8,keep_all,all,keep,0.998 0.998 0.998 0.998,0.6285,-0.2213,-0.2318,-0.2103,500,0
hybrid_sweep,8,keep_L0,L0,keep,0.998 0.998 0.998 0.998,0.6335,-0.2163,-0.2268,-0.2057,500,0
hybrid_sweep,8,mean_L0,L0,mean,1.000 1.000 0.996 0.999,0.642,-0.2077,-0.2188,-0.197,500,0
hybrid_sweep,8,keep_L1,L1,keep,0.998 0.998 0.998 0.998,0.8498,0.0,-0.0035,0.0035,500,0
hybrid_sweep,8,mean_L1,L1,mean,0.980 0.996 0.984 0.983,0.8502,0.0005,-0.0008,0.002,500,0
hybrid_sweep,8,keep_L3,L3,keep,0.998 0.998 0.998 0.998,0.8492,-0.0005,-0.0022,0.0012,500,0
hybrid_sweep,8,mean_L3,L3,mean,0.998 0.999 0.999 0.999,0.8495,-0.0002,-0.0017,0.001,500,0
gated_linear_sweep,8,none,,none,,0.8502,0.0,0.0,0.0,500,0
gated_linear_sweep,8,keep_all,all,keep,0.998 0.998 0.998 0.998,0.6078,-0.2425,-0.2542,-0.2305,500,0
gated_linear_sweep,8,keep_L0,L0,keep,0.998 0.998 0.998 0.998,0.607,-0.2432,-0.2552,-0.2315,500,0
gated_linear_sweep,8,mean_L0,L0,mean,1.000 0.934 1.000 1.000,0.8285,-0.0217,-0.0277,-0.0162,500,0
gated_linear_sweep,8,keep_L1,L1,keep,0.998 0.998 0.998 0.998,0.8492,-0.001,-0.0032,0.0013,500,0
gated_linear_sweep,8,mean_L1,L1,mean,1.000 1.000 0.999 0.998,0.8498,-0.0005,-0.0015,0.0005,500,0
gated_linear_sweep,8,keep_L2,L2,keep,0.998 0.998 0.998 0.998,0.8512,0.001,-0.0012,0.0033,500,0
gated_linear_sweep,8,mean_L2,L2,mean,1.000 1.000 0.999 1.000,0.8502,0.0,0.0,0.0,500,0
gated_linear_sweep,8,keep_L3,L3,keep,0.998 0.998 0.998 0.998,0.85,-0.0002,-0.0022,0.0018,500,0
gated_linear_sweep,8,mean_L3,L3,mean,0.992 0.994 0.999 0.999,0.85,-0.0002,-0.0015,0.001,500,0
gated_linear_sweep,8,keep_L4,L4,keep,0.998 0.998 0.998 0.998,0.85,-0.0002,-0.0022,0.0015,500,0
gated_linear_sweep,8,mean_L4,L4,mean,0.997 0.997 0.997 0.998,0.8495,-0.0007,-0.0028,0.0012,500,0
hybrid_sweep,32,none,,none,,0.3568,0.0,0.0,0.0,500,0
hybrid_sweep,32,keep_all,all,keep,0.998 0.998 0.998 0.998,0.2031,-0.1536,-0.1639,-0.1431,500,0
hybrid_sweep,32,keep_L0,L0,keep,0.998 0.998 0.998 0.998,0.2023,-0.1545,-0.1644,-0.144,500,0
hybrid_sweep,32,mean_L0,L0,mean,1.000 1.000 0.997 0.999,0.2177,-0.139,-0.1476,-0.1298,500,0
hybrid_sweep,32,keep_L1,L1,keep,0.998 0.998 0.998 0.998,0.3564,-0.0004,-0.0038,0.0029,500,0
hybrid_sweep,32,mean_L1,L1,mean,0.984 0.996 0.987 0.986,0.3568,0.0,-0.0016,0.0016,500,0
hybrid_sweep,32,keep_L3,L3,keep,0.998 0.998 0.998 0.998,0.356,-0.0008,-0.0022,0.0006,500,0
hybrid_sweep,32,mean_L3,L3,mean,0.997 0.997 0.997 0.997,0.3554,-0.0014,-0.0027,0.0,500,0
gated_linear_sweep,32,none,,none,,0.3736,0.0,0.0,0.0,500,0
gated_linear_sweep,32,keep_all,all,keep,0.998 0.998 0.998 0.998,0.1929,-0.1807,-0.1908,-0.1705,500,0
gated_linear_sweep,32,keep_L0,L0,keep,0.998 0.998 0.998 0.998,0.1955,-0.1781,-0.1879,-0.1674,500,0
gated_linear_sweep,32,mean_L0,L0,mean,1.000 0.974 1.000 1.000,0.3366,-0.037,-0.0439,-0.03,500,0
gated_linear_sweep,32,keep_L1,L1,keep,0.998 0.998 0.998 0.998,0.3723,-0.0014,-0.0043,0.0015,500,0
gated_linear_sweep,32,mean_L1,L1,mean,1.000 1.000 0.999 0.996,0.373,-0.0006,-0.0018,0.0004,500,0
gated_linear_sweep,32,keep_L2,L2,keep,0.998 0.998 0.998 0.998,0.3686,-0.005,-0.0085,-0.0015,500,0
gated_linear_sweep,32,mean_L2,L2,mean,1.000 0.999 0.997 1.000,0.3719,-0.0017,-0.0036,0.0,500,0
gated_linear_sweep,32,keep_L3,L3,keep,0.998 0.998 0.998 0.998,0.3705,-0.0031,-0.006,0.0001,500,0
gated_linear_sweep,32,mean_L3,L3,mean,0.988 0.991 0.998 0.998,0.3713,-0.0024,-0.0045,-0.0003,500,0
gated_linear_sweep,32,keep_L4,L4,keep,0.998 0.998 0.998 0.998,0.3714,-0.0022,-0.0056,0.0011,500,0
gated_linear_sweep,32,mean_L4,L4,mean,0.995 0.995 0.995 0.996,0.3699,-0.0037,-0.0069,-0.0005,500,0
hybrid_sweep,64,none,,none,,0.1169,0.0,0.0,0.0,500,0
hybrid_sweep,64,keep_all,all,keep,0.998 0.998 0.998 0.998,0.1085,-0.0084,-0.015,-0.0023,500,0
hybrid_sweep,64,keep_L0,L0,keep,0.998 0.998 0.998 0.998,0.1087,-0.0081,-0.0145,-0.0021,500,0
hybrid_sweep,64,mean_L0,L0,mean,1.000 1.000 1.000 1.000,0.1166,-0.0003,-0.0009,0.0004,500,0
hybrid_sweep,64,keep_L1,L1,keep,0.998 0.998 0.998 0.998,0.1158,-0.0011,-0.0028,0.0005,500,0
hybrid_sweep,64,mean_L1,L1,mean,0.984 0.996 0.988 0.987,0.1176,0.0007,-0.0001,0.0016,500,0
hybrid_sweep,64,keep_L3,L3,keep,0.998 0.998 0.998 0.998,0.1163,-0.0006,-0.0016,0.0004,500,0
hybrid_sweep,64,mean_L3,L3,mean,0.995 0.996 0.996 0.996,0.1165,-0.0004,-0.0009,0.0001,500,0
gated_linear_sweep,64,none,,none,,0.0845,0.0,0.0,0.0,500,0
gated_linear_sweep,64,keep_all,all,keep,0.998 0.998 0.998 0.998,0.0761,-0.0084,-0.0145,-0.0024,500,0
gated_linear_sweep,64,keep_L0,L0,keep,0.998 0.998 0.998 0.998,0.076,-0.0085,-0.0145,-0.0025,500,0
gated_linear_sweep,64,mean_L0,L0,mean,1.000 0.999 1.000 1.000,0.0845,0.0,-0.0019,0.0019,500,0
gated_linear_sweep,64,keep_L1,L1,keep,0.998 0.998 0.998 0.998,0.0851,0.0006,-0.0005,0.0019,500,0
gated_linear_sweep,64,mean_L1,L1,mean,1.000 1.000 0.999 0.996,0.085,0.0005,0.0001,0.001,500,0
gated_linear_sweep,64,keep_L2,L2,keep,0.998 0.998 0.998 0.998,0.0848,0.0003,-0.0013,0.0018,500,0
gated_linear_sweep,64,mean_L2,L2,mean,1.000 0.998 0.996 1.000,0.0855,0.001,0.0,0.0021,500,0
gated_linear_sweep,64,keep_L3,L3,keep,0.998 0.998 0.998 0.998,0.0851,0.0006,-0.0013,0.0024,500,0
gated_linear_sweep,64,mean_L3,L3,mean,0.982 0.988 0.998 0.999,0.085,0.0005,-0.0003,0.0014,500,0
gated_linear_sweep,64,keep_L4,L4,keep,0.998 0.998 0.998 0.998,0.0859,0.0014,-0.0004,0.0034,500,0
gated_linear_sweep,64,mean_L4,L4,mean,0.992 0.995 0.994 0.995,0.0848,0.0003,-0.0008,0.0011,500,0
