model,arch,context_len,batch_size,params_m,cache_mb,decode_ms_per_tok,tokens_per_sec,peak_vram_mb,oom,device
transformer_sweep,transformer,128,1,2.665,1.606,5.37,186.2,29.24,False,cuda
transformer_sweep,transformer,512,1,2.665,5.356,5.351,186.9,33.46,False,cuda
transformer_sweep,transformer,2048,1,2.665,20.356,5.475,182.7,50.92,False,cuda
gated_linear_sweep,gated_linear,128,1,2.67,0.332,5.917,169.0,27.97,False,cuda
gated_linear_sweep,gated_linear,512,1,2.67,0.332,5.878,170.1,27.97,False,cuda
gated_linear_sweep,gated_linear,2048,1,2.67,0.332,5.739,174.3,27.97,False,cuda
hybrid_sweep,hybrid,128,1,2.668,0.842,5.586,179.0,28.55,False,cuda
hybrid_sweep,hybrid,512,1,2.668,2.342,5.748,174.0,30.24,False,cuda
hybrid_sweep,hybrid,2048,1,2.668,8.342,5.742,174.1,37.58,False,cuda
