model,mode,pass,seq_len_nominal,seq_len_true_tokens,n_bindings,n_queries,distractor_density,accuracy_exact,accuracy_per_query,ci_low,ci_high,ci_low_pq,ci_high_pq,n,seed
hybrid_sweep,assoc_recall,2,128,127.5,8,8,0.0,0.0,0.0312,0.0,0.3244,0.0,0.0781,8,0
transformer_sweep,assoc_recall,2,128,127.5,8,8,0.0,0.0,0.0,0.0,0.3244,0.0,0.0,8,0
gated_linear_sweep,assoc_recall,2,128,127.5,8,8,0.0,0.0,0.0,0.0,0.3244,0.0,0.0,8,0
hybrid_sweep,assoc_recall,2,256,256.2,8,8,0.0,0.0,0.0156,0.0,0.3244,0.0,0.0469,8,0
transformer_sweep,assoc_recall,2,256,256.2,8,8,0.0,0.0,0.0,0.0,0.3244,0.0,0.0,8,0
gated_linear_sweep,assoc_recall,2,256,256.2,8,8,0.0,0.0,0.0312,0.0,0.3244,0.0,0.0781,8,0
hybrid_sweep,assoc_recall,2,512,512.6,8,8,0.0,0.0,0.0,0.0,0.3244,0.0,0.0,8,0
transformer_sweep,assoc_recall,2,512,512.6,8,8,0.0,0.0,0.0,0.0,0.3244,0.0,0.0,8,0
gated_linear_sweep,assoc_recall,2,512,512.6,8,8,0.0,0.0,0.0156,0.0,0.3244,0.0,0.0469,8,0
hybrid_sweep,assoc_recall,2,1024,1024.8,8,8,0.0,0.0,0.0156,0.0,0.3244,0.0,0.0469,8,0
transformer_sweep,assoc_recall,2,1024,1024.8,8,8,0.0,0.0,0.0,0.0,0.3244,0.0,0.0,8,0
gated_linear_sweep,assoc_recall,2,1024,1024.8,8,8,0.0,0.0,0.0156,0.0,0.3244,0.0,0.0469,8,0
hybrid_sweep,assoc_recall,2,2048,2047.6,8,8,0.0,0.0,0.0312,0.0,0.3244,0.0,0.0781,8,0
transformer_sweep,assoc_recall,2,2048,2047.6,8,8,0.0,0.0,0.0,0.0,0.3244,0.0,0.0,8,0
gated_linear_sweep,assoc_recall,2,2048,2047.6,8,8,0.0,0.0,0.0,0.0,0.3244,0.0,0.0,8,0
hybrid_sweep,assoc_recall,2,4096,4096.4,8,8,0.0,0.0,0.0,0.0,0.3244,0.0,0.0,8,0
transformer_sweep,assoc_recall,2,4096,4096.4,8,8,0.0,0.0,0.0,0.0,0.3244,0.0,0.0,8,0
gated_linear_sweep,assoc_recall,2,4096,4096.4,8,8,0.0,0.0,0.0156,0.0,0.3244,0.0,0.0469,8,0
hybrid_sweep,assoc_recall,2,8192,8192.1,8,8,0.0,0.0,0.0,0.0,0.3244,0.0,0.0,8,0
transformer_sweep,assoc_recall,2,8192,8192.1,8,8,0.0,0.0,0.0,0.0,0.3244,0.0,0.0,8,0
gated_linear_sweep,assoc_recall,2,8192,8192.1,8,8,0.0,0.0,0.0,0.0,0.3244,0.0,0.0,8,0
