model,arch,seq_len,batch_size,params_m,peak_vram_mb,latency_ms,latency_ms_per_1k_tok,oom,device
transformer_sweep,transformer,128,1,2.137,18.65,3.876,30.278,False,cuda
transformer_sweep,transformer,256,1,2.137,20.03,5.496,21.468,False,cuda
transformer_sweep,transformer,512,1,2.137,22.78,4.016,7.845,False,cuda
transformer_sweep,transformer,1024,1,2.137,28.29,4.744,4.632,False,cuda
transformer_sweep,transformer,2048,1,2.137,39.29,11.124,5.431,False,cuda
transformer_sweep,transformer,4096,1,2.137,61.31,23.346,5.7,False,cuda
transformer_sweep,transformer,8192,1,2.137,105.34,71.521,8.731,False,cuda
gated_linear_sweep,gated_linear,128,1,2.141,19.0,9.547,74.583,False,cuda
gated_linear_sweep,gated_linear,256,1,2.141,20.13,13.81,53.944,False,cuda
gated_linear_sweep,gated_linear,512,1,2.141,22.39,23.084,45.086,False,cuda
gated_linear_sweep,gated_linear,1024,1,2.141,26.91,41.609,40.634,False,cuda
gated_linear_sweep,gated_linear,2048,1,2.141,35.94,78.152,38.16,False,cuda
gated_linear_sweep,gated_linear,4096,1,2.141,54.02,157.516,38.456,False,cuda
gated_linear_sweep,gated_linear,8192,1,2.141,90.18,313.351,38.251,False,cuda
hybrid_sweep,hybrid,128,1,2.668,21.07,8.468,66.156,False,cuda
hybrid_sweep,hybrid,256,1,2.668,22.26,12.064,47.127,False,cuda
hybrid_sweep,hybrid,512,1,2.668,24.65,19.787,38.646,False,cuda
hybrid_sweep,hybrid,1024,1,2.668,29.81,34.56,33.75,False,cuda
hybrid_sweep,hybrid,2048,1,2.668,40.32,63.8,31.152,False,cuda
hybrid_sweep,hybrid,4096,1,2.668,61.34,125.863,30.728,False,cuda
hybrid_sweep,hybrid,8192,1,2.668,103.37,251.78,30.735,False,cuda
