model,n_bindings,teacher_forced_mean,free_running_mean,max_abs_gap,n_seeds,per_seed
gated_linear_sweep,2,0.9993,0.9987,0.002,3,r04=0.998/0.996 r05=1.000/1.000 r06=1.000/1.000
gated_linear_sweep,4,0.9977,0.9963,0.0035,3,r04=0.995/0.992 r05=0.999/0.999 r06=0.999/0.999
gated_linear_sweep,8,0.9943,0.9924,0.0042,3,r04=0.989/0.985 r05=0.994/0.993 r06=1.000/1.000
gated_linear_sweep,16,0.9815,0.978,0.0075,3,r04=0.966/0.958 r05=0.984/0.982 r06=0.995/0.994
gated_linear_sweep,32,0.9302,0.9252,0.0121,3,r04=0.883/0.871 r05=0.936/0.936 r06=0.971/0.969
gated_linear_sweep,64,0.5999,0.5984,0.005,3,r04=0.491/0.492 r05=0.757/0.752 r06=0.552/0.551
gated_linear_sweep,128,0.3263,0.3273,0.0066,3,r04=0.217/0.224 r05=0.455/0.455 r06=0.306/0.303
hybrid_sweep,2,1.0,1.0,0.0,3,r04=1.000/1.000 r05=1.000/1.000 r06=1.000/1.000
hybrid_sweep,4,0.9997,0.9997,0.0,3,r04=0.999/0.999 r05=1.000/1.000 r06=1.000/1.000
hybrid_sweep,8,0.9998,0.9998,0.0,3,r04=1.000/1.000 r05=1.000/1.000 r06=1.000/1.000
hybrid_sweep,16,0.9997,0.9997,0.0,3,r04=0.999/0.999 r05=1.000/1.000 r06=1.000/1.000
hybrid_sweep,32,0.9998,0.9998,0.0,3,r04=1.000/1.000 r05=1.000/1.000 r06=1.000/1.000
hybrid_sweep,64,0.9897,0.9897,0.0,3,r04=0.998/0.998 r05=0.981/0.981 r06=0.991/0.991
hybrid_sweep,128,0.9838,0.9837,0.0003,3,r04=0.991/0.991 r05=0.972/0.972 r06=0.988/0.988
transformer_sweep,2,0.997,0.9943,0.003,3,r04=0.997/0.994 r05=0.996/0.993 r06=0.998/0.996
transformer_sweep,4,0.993,0.9872,0.007,3,r04=0.993/0.988 r05=0.993/0.988 r06=0.993/0.986
transformer_sweep,8,0.9764,0.959,0.0189,3,r04=0.973/0.954 r05=0.977/0.961 r06=0.980/0.962
transformer_sweep,16,0.9489,0.9132,0.0377,3,r04=0.946/0.911 r05=0.950/0.915 r06=0.951/0.914
transformer_sweep,32,0.8559,0.8267,0.032,3,r04=0.848/0.823 r05=0.877/0.846 r06=0.844/0.811
transformer_sweep,64,0.6515,0.6292,0.0256,3,r04=0.618/0.599 r05=0.725/0.699 r06=0.611/0.589
transformer_sweep,128,0.3902,0.3785,0.0205,3,r04=0.347/0.340 r05=0.509/0.489 r06=0.314/0.306
