model,n_bindings,key_digits,accuracy_per_query,ci_low,ci_high,n_queries,seed,n_seeds,per_seed
hybrid_sweep,16,1,1.0,1.0,1.0,,r04+r05+r06,3,r04=1.000 r05=1.000 r06=1.000
hybrid_sweep,16,2,0.9999,0.9998,1.0,,r04+r05+r06,3,r04=1.000 r05=1.000 r06=1.000
hybrid_sweep,16,3,0.9994,0.9982,1.0,,r04+r05+r06,3,r04=0.998 r05=1.000 r06=1.000
transformer_sweep,16,1,0.9509,0.9481,0.9539,,r04+r05+r06,3,r04=0.948 r05=0.954 r06=0.951
transformer_sweep,16,2,0.9526,0.9521,0.9532,,r04+r05+r06,3,r04=0.952 r05=0.953 r06=0.953
transformer_sweep,16,3,0.931,0.9198,0.9372,,r04+r05+r06,3,r04=0.920 r05=0.937 r06=0.936
gated_linear_sweep,16,1,0.9865,0.9736,0.9951,,r04+r05+r06,3,r04=0.974 r05=0.991 r06=0.995
gated_linear_sweep,16,2,0.9785,0.9599,0.9956,,r04+r05+r06,3,r04=0.960 r05=0.980 r06=0.996
gated_linear_sweep,16,3,0.9859,0.9742,0.9944,,r04+r05+r06,3,r04=0.974 r05=0.989 r06=0.994
hybrid_sweep,32,1,0.9995,0.9992,1.0,,r04+r05+r06,3,r04=0.999 r05=1.000 r06=0.999
hybrid_sweep,32,2,0.9999,0.9998,1.0,,r04+r05+r06,3,r04=1.000 r05=1.000 r06=1.000
hybrid_sweep,32,3,0.9994,0.9983,1.0,,r04+r05+r06,3,r04=0.998 r05=1.000 r06=1.000
transformer_sweep,32,1,0.8803,0.8726,0.894,,r04+r05+r06,3,r04=0.874 r05=0.894 r06=0.873
transformer_sweep,32,2,0.8577,0.8471,0.8775,,r04+r05+r06,3,r04=0.848 r05=0.877 r06=0.847
transformer_sweep,32,3,0.8208,0.8082,0.8441,,r04+r05+r06,3,r04=0.808 r05=0.844 r06=0.810
gated_linear_sweep,32,1,0.9549,0.9185,0.9897,,r04+r05+r06,3,r04=0.918 r05=0.957 r06=0.990
gated_linear_sweep,32,2,0.9235,0.8708,0.9715,,r04+r05+r06,3,r04=0.871 r05=0.928 r06=0.972
gated_linear_sweep,32,3,0.9392,0.9045,0.9629,,r04+r05+r06,3,r04=0.904 r05=0.950 r06=0.963
hybrid_sweep,64,1,0.9885,0.9819,0.9967,,r04+r05+r06,3,r04=0.997 r05=0.982 r06=0.987
hybrid_sweep,64,2,0.9893,0.9805,0.9974,,r04+r05+r06,3,r04=0.997 r05=0.981 r06=0.990
hybrid_sweep,64,3,0.9933,0.9871,0.9972,,r04+r05+r06,3,r04=0.997 r05=0.987 r06=0.996
transformer_sweep,64,1,0.7001,0.6488,0.7771,,r04+r05+r06,3,r04=0.674 r05=0.777 r06=0.649
transformer_sweep,64,2,0.6696,0.6262,0.7447,,r04+r05+r06,3,r04=0.638 r05=0.745 r06=0.626
transformer_sweep,64,3,0.5836,0.5449,0.6605,,r04+r05+r06,3,r04=0.545 r05=0.660 r06=0.545
gated_linear_sweep,64,1,0.7237,0.6201,0.8109,,r04+r05+r06,3,r04=0.620 r05=0.811 r06=0.740
gated_linear_sweep,64,2,0.5839,0.4545,0.734,,r04+r05+r06,3,r04=0.455 r05=0.734 r06=0.563
gated_linear_sweep,64,3,0.6062,0.4663,0.798,,r04+r05+r06,3,r04=0.554 r05=0.798 r06=0.466
