model,n_bindings,n_prior,condition,accuracy_mean,delta_mean,delta_min,delta_max,seeds_ci_excludes_0,n_seeds,per_seed
gated_linear_sweep,8,0,none,0.9927,0.0,0.0,0.0,0,3,"r04=+0.000[+0.00,+0.00] r05=+0.000[+0.00,+0.00] r06=+0.000[+0.00,+0.00]"
gated_linear_sweep,8,3,generated,0.99,-0.0027,-0.006,0.0,0,3,"r04=-0.006[-0.01,+0.00] r05=-0.002[-0.01,+0.00] r06=+0.000[+0.00,+0.00]"
gated_linear_sweep,8,3,neutral,0.9887,-0.004,-0.01,0.002,0,3,"r04=-0.010[-0.02,+0.00] r05=-0.004[-0.01,+0.00] r06=+0.002[+0.00,+0.01]"
gated_linear_sweep,8,3,oracle,0.9927,0.0,0.0,0.0,0,3,"r04=+0.000[+0.00,+0.00] r05=+0.000[+0.00,+0.00] r06=+0.000[+0.00,+0.00]"
gated_linear_sweep,8,3,reordered,0.9927,0.0,0.0,0.0,0,3,"r04=+0.000[-0.01,+0.01] r05=+0.000[+0.00,+0.00] r06=+0.000[+0.00,+0.00]"
gated_linear_sweep,8,7,generated,0.9973,-0.0027,-0.008,0.0,1,3,"r04=-0.008[-0.02,-0.00] r05=+0.000[+0.00,+0.00] r06=+0.000[+0.00,+0.00]"
gated_linear_sweep,8,7,neutral,0.9953,-0.0047,-0.01,-0.002,1,3,"r04=-0.010[-0.02,-0.00] r05=-0.002[-0.01,+0.00] r06=-0.002[-0.01,+0.00]"
gated_linear_sweep,8,7,oracle,1.0,0.0,0.0,0.0,0,3,"r04=+0.000[+0.00,+0.00] r05=+0.000[+0.00,+0.00] r06=+0.000[+0.00,+0.00]"
gated_linear_sweep,8,7,reordered,1.0,0.0,0.0,0.0,0,3,"r04=+0.000[+0.00,+0.00] r05=+0.000[+0.00,+0.00] r06=+0.000[+0.00,+0.00]"
gated_linear_sweep,32,0,none,0.9167,0.0,0.0,0.0,0,3,"r04=+0.000[+0.00,+0.00] r05=+0.000[+0.00,+0.00] r06=+0.000[+0.00,+0.00]"
gated_linear_sweep,32,3,generated,0.9213,-0.0027,-0.004,-0.002,0,3,"r04=-0.004[-0.01,+0.00] r05=-0.002[-0.01,+0.00] r06=-0.002[-0.01,+0.00]"
gated_linear_sweep,32,3,neutral,0.9213,-0.0027,-0.006,0.0,0,3,"r04=-0.002[-0.02,+0.01] r05=+0.000[-0.01,+0.01] r06=-0.006[-0.02,+0.00]"
gated_linear_sweep,32,3,oracle,0.924,0.0,0.0,0.0,0,3,"r04=+0.000[+0.00,+0.00] r05=+0.000[+0.00,+0.00] r06=+0.000[+0.00,+0.00]"
gated_linear_sweep,32,3,reordered,0.9227,-0.0013,-0.004,0.0,0,3,"r04=-0.004[-0.02,+0.01] r05=+0.000[-0.01,+0.01] r06=+0.000[+0.00,+0.00]"
gated_linear_sweep,32,7,generated,0.9307,-0.0053,-0.014,0.0,1,3,"r04=-0.014[-0.03,-0.00] r05=-0.002[-0.01,+0.00] r06=+0.000[+0.00,+0.00]"
gated_linear_sweep,32,7,neutral,0.9247,-0.0113,-0.02,-0.004,0,3,"r04=-0.020[-0.04,+0.00] r05=-0.004[-0.02,+0.01] r06=-0.010[-0.02,+0.00]"
gated_linear_sweep,32,7,oracle,0.936,0.0,0.0,0.0,0,3,"r04=+0.000[+0.00,+0.00] r05=+0.000[+0.00,+0.00] r06=+0.000[+0.00,+0.00]"
gated_linear_sweep,32,7,reordered,0.9353,-0.0007,-0.004,0.002,0,3,"r04=-0.004[-0.01,+0.00] r05=+0.002[-0.01,+0.01] r06=+0.000[-0.01,+0.01]"
gated_linear_sweep,32,15,generated,0.9267,-0.01,-0.022,-0.002,1,3,"r04=-0.022[-0.04,-0.01] r05=-0.002[-0.01,+0.00] r06=-0.006[-0.02,+0.00]"
gated_linear_sweep,32,15,neutral,0.92,-0.0167,-0.032,-0.006,1,3,"r04=-0.032[-0.06,-0.01] r05=-0.006[-0.02,+0.01] r06=-0.012[-0.02,+0.00]"
gated_linear_sweep,32,15,oracle,0.9367,0.0,0.0,0.0,0,3,"r04=+0.000[+0.00,+0.00] r05=+0.000[+0.00,+0.00] r06=+0.000[+0.00,+0.00]"
gated_linear_sweep,32,15,reordered,0.94,0.0033,-0.002,0.01,0,3,"r04=+0.010[+0.00,+0.02] r05=-0.002[-0.01,+0.00] r06=+0.002[-0.00,+0.01]"
gated_linear_sweep,64,0,none,0.748,0.0,0.0,0.0,0,3,"r04=+0.000[+0.00,+0.00] r05=+0.000[+0.00,+0.00] r06=+0.000[+0.00,+0.00]"
gated_linear_sweep,64,3,generated,0.7567,0.0013,-0.002,0.004,0,3,"r04=+0.004[-0.01,+0.02] r05=+0.002[-0.01,+0.01] r06=-0.002[-0.01,+0.00]"
gated_linear_sweep,64,3,neutral,0.7547,-0.0007,-0.014,0.006,0,3,"r04=-0.014[-0.03,+0.00] r05=+0.006[-0.01,+0.02] r06=+0.006[-0.00,+0.02]"
gated_linear_sweep,64,3,oracle,0.7553,0.0,0.0,0.0,0,3,"r04=+0.000[+0.00,+0.00] r05=+0.000[+0.00,+0.00] r06=+0.000[+0.00,+0.00]"
gated_linear_sweep,64,3,reordered,0.7593,0.004,-0.004,0.012,1,3,"r04=+0.004[-0.01,+0.02] r05=+0.012[+0.00,+0.02] r06=-0.004[-0.01,+0.00]"
gated_linear_sweep,64,7,generated,0.7653,-0.0033,-0.012,0.004,0,3,"r04=+0.004[-0.01,+0.02] r05=-0.002[-0.01,+0.00] r06=-0.012[-0.03,+0.00]"
gated_linear_sweep,64,7,neutral,0.768,-0.0007,-0.004,0.002,0,3,"r04=+0.002[-0.02,+0.02] r05=-0.004[-0.02,+0.01] r06=+0.000[-0.02,+0.02]"
gated_linear_sweep,64,7,oracle,0.7687,0.0,0.0,0.0,0,3,"r04=+0.000[+0.00,+0.00] r05=+0.000[+0.00,+0.00] r06=+0.000[+0.00,+0.00]"
gated_linear_sweep,64,7,reordered,0.77,0.0013,-0.006,0.008,0,3,"r04=-0.006[-0.02,+0.01] r05=+0.008[-0.00,+0.02] r06=+0.002[-0.00,+0.01]"
gated_linear_sweep,64,15,generated,0.7673,-0.012,-0.018,-0.002,1,3,"r04=-0.018[-0.04,+0.00] r05=-0.016[-0.03,-0.00] r06=-0.002[-0.01,+0.01]"
gated_linear_sweep,64,15,neutral,0.76,-0.0193,-0.034,-0.008,1,3,"r04=-0.034[-0.06,-0.01] r05=-0.016[-0.03,+0.00] r06=-0.008[-0.02,+0.01]"
gated_linear_sweep,64,15,oracle,0.7793,0.0,0.0,0.0,0,3,"r04=+0.000[+0.00,+0.00] r05=+0.000[+0.00,+0.00] r06=+0.000[+0.00,+0.00]"
gated_linear_sweep,64,15,reordered,0.774,-0.0053,-0.008,-0.002,0,3,"r04=-0.006[-0.02,+0.01] r05=-0.008[-0.02,+0.00] r06=-0.002[-0.01,+0.01]"
hybrid_sweep,8,0,none,1.0,0.0,0.0,0.0,0,3,"r04=+0.000[+0.00,+0.00] r05=+0.000[+0.00,+0.00] r06=+0.000[+0.00,+0.00]"
hybrid_sweep,8,3,generated,1.0,0.0,0.0,0.0,0,3,"r04=+0.000[+0.00,+0.00] r05=+0.000[+0.00,+0.00] r06=+0.000[+0.00,+0.00]"
hybrid_sweep,8,3,neutral,1.0,0.0,0.0,0.0,0,3,"r04=+0.000[+0.00,+0.00] r05=+0.000[+0.00,+0.00] r06=+0.000[+0.00,+0.00]"
hybrid_sweep,8,3,oracle,1.0,0.0,0.0,0.0,0,3,"r04=+0.000[+0.00,+0.00] r05=+0.000[+0.00,+0.00] r06=+0.000[+0.00,+0.00]"
hybrid_sweep,8,3,reordered,1.0,0.0,0.0,0.0,0,3,"r04=+0.000[+0.00,+0.00] r05=+0.000[+0.00,+0.00] r06=+0.000[+0.00,+0.00]"
hybrid_sweep,8,7,generated,0.9993,0.0,0.0,0.0,0,3,"r04=+0.000[+0.00,+0.00] r05=+0.000[+0.00,+0.00] r06=+0.000[+0.00,+0.00]"
hybrid_sweep,8,7,neutral,0.9993,0.0,0.0,0.0,0,3,"r04=+0.000[+0.00,+0.00] r05=+0.000[+0.00,+0.00] r06=+0.000[+0.00,+0.00]"
hybrid_sweep,8,7,oracle,0.9993,0.0,0.0,0.0,0,3,"r04=+0.000[+0.00,+0.00] r05=+0.000[+0.00,+0.00] r06=+0.000[+0.00,+0.00]"
hybrid_sweep,8,7,reordered,0.9993,0.0,0.0,0.0,0,3,"r04=+0.000[+0.00,+0.00] r05=+0.000[+0.00,+0.00] r06=+0.000[+0.00,+0.00]"
hybrid_sweep,32,0,none,0.9993,0.0,0.0,0.0,0,3,"r04=+0.000[+0.00,+0.00] r05=+0.000[+0.00,+0.00] r06=+0.000[+0.00,+0.00]"
hybrid_sweep,32,3,generated,1.0,0.0,0.0,0.0,0,3,"r04=+0.000[+0.00,+0.00] r05=+0.000[+0.00,+0.00] r06=+0.000[+0.00,+0.00]"
hybrid_sweep,32,3,neutral,1.0,0.0,0.0,0.0,0,3,"r04=+0.000[+0.00,+0.00] r05=+0.000[+0.00,+0.00] r06=+0.000[+0.00,+0.00]"
hybrid_sweep,32,3,oracle,1.0,0.0,0.0,0.0,0,3,"r04=+0.000[+0.00,+0.00] r05=+0.000[+0.00,+0.00] r06=+0.000[+0.00,+0.00]"
hybrid_sweep,32,3,reordered,1.0,0.0,0.0,0.0,0,3,"r04=+0.000[+0.00,+0.00] r05=+0.000[+0.00,+0.00] r06=+0.000[+0.00,+0.00]"
hybrid_sweep,32,7,generated,1.0,0.0,0.0,0.0,0,3,"r04=+0.000[+0.00,+0.00] r05=+0.000[+0.00,+0.00] r06=+0.000[+0.00,+0.00]"
hybrid_sweep,32,7,neutral,1.0,0.0,0.0,0.0,0,3,"r04=+0.000[+0.00,+0.00] r05=+0.000[+0.00,+0.00] r06=+0.000[+0.00,+0.00]"
hybrid_sweep,32,7,oracle,1.0,0.0,0.0,0.0,0,3,"r04=+0.000[+0.00,+0.00] r05=+0.000[+0.00,+0.00] r06=+0.000[+0.00,+0.00]"
hybrid_sweep,32,7,reordered,1.0,0.0,0.0,0.0,0,3,"r04=+0.000[+0.00,+0.00] r05=+0.000[+0.00,+0.00] r06=+0.000[+0.00,+0.00]"
hybrid_sweep,32,15,generated,1.0,0.0,0.0,0.0,0,3,"r04=+0.000[+0.00,+0.00] r05=+0.000[+0.00,+0.00] r06=+0.000[+0.00,+0.00]"
hybrid_sweep,32,15,neutral,1.0,0.0,0.0,0.0,0,3,"r04=+0.000[+0.00,+0.00] r05=+0.000[+0.00,+0.00] r06=+0.000[+0.00,+0.00]"
hybrid_sweep,32,15,oracle,1.0,0.0,0.0,0.0,0,3,"r04=+0.000[+0.00,+0.00] r05=+0.000[+0.00,+0.00] r06=+0.000[+0.00,+0.00]"
hybrid_sweep,32,15,reordered,1.0,0.0,0.0,0.0,0,3,"r04=+0.000[+0.00,+0.00] r05=+0.000[+0.00,+0.00] r06=+0.000[+0.00,+0.00]"
hybrid_sweep,64,0,none,1.0,0.0,0.0,0.0,0,3,"r04=+0.000[+0.00,+0.00] r05=+0.000[+0.00,+0.00] r06=+0.000[+0.00,+0.00]"
hybrid_sweep,64,3,generated,1.0,0.0,0.0,0.0,0,3,"r04=+0.000[+0.00,+0.00] r05=+0.000[+0.00,+0.00] r06=+0.000[+0.00,+0.00]"
hybrid_sweep,64,3,neutral,1.0,0.0,0.0,0.0,0,3,"r04=+0.000[+0.00,+0.00] r05=+0.000[+0.00,+0.00] r06=+0.000[+0.00,+0.00]"
hybrid_sweep,64,3,oracle,1.0,0.0,0.0,0.0,0,3,"r04=+0.000[+0.00,+0.00] r05=+0.000[+0.00,+0.00] r06=+0.000[+0.00,+0.00]"
hybrid_sweep,64,3,reordered,1.0,0.0,0.0,0.0,0,3,"r04=+0.000[+0.00,+0.00] r05=+0.000[+0.00,+0.00] r06=+0.000[+0.00,+0.00]"
hybrid_sweep,64,7,generated,0.9993,0.0,0.0,0.0,0,3,"r04=+0.000[+0.00,+0.00] r05=+0.000[+0.00,+0.00] r06=+0.000[+0.00,+0.00]"
hybrid_sweep,64,7,neutral,1.0,0.0007,0.0,0.002,0,3,"r04=+0.000[+0.00,+0.00] r05=+0.002[+0.00,+0.01] r06=+0.000[+0.00,+0.00]"
hybrid_sweep,64,7,oracle,0.9993,0.0,0.0,0.0,0,3,"r04=+0.000[+0.00,+0.00] r05=+0.000[+0.00,+0.00] r06=+0.000[+0.00,+0.00]"
hybrid_sweep,64,7,reordered,1.0,0.0007,0.0,0.002,0,3,"r04=+0.000[+0.00,+0.00] r05=+0.002[+0.00,+0.01] r06=+0.000[+0.00,+0.00]"
hybrid_sweep,64,15,generated,1.0,0.0,0.0,0.0,0,3,"r04=+0.000[+0.00,+0.00] r05=+0.000[+0.00,+0.00] r06=+0.000[+0.00,+0.00]"
hybrid_sweep,64,15,neutral,1.0,0.0,0.0,0.0,0,3,"r04=+0.000[+0.00,+0.00] r05=+0.000[+0.00,+0.00] r06=+0.000[+0.00,+0.00]"
hybrid_sweep,64,15,oracle,1.0,0.0,0.0,0.0,0,3,"r04=+0.000[+0.00,+0.00] r05=+0.000[+0.00,+0.00] r06=+0.000[+0.00,+0.00]"
hybrid_sweep,64,15,reordered,1.0,0.0,0.0,0.0,0,3,"r04=+0.000[+0.00,+0.00] r05=+0.000[+0.00,+0.00] r06=+0.000[+0.00,+0.00]"
transformer_sweep,8,0,none,0.9567,0.0,0.0,0.0,0,3,"r04=+0.000[+0.00,+0.00] r05=+0.000[+0.00,+0.00] r06=+0.000[+0.00,+0.00]"
transformer_sweep,8,3,generated,0.9633,-0.0113,-0.016,-0.006,2,3,"r04=-0.006[-0.01,+0.00] r05=-0.016[-0.03,-0.01] r06=-0.012[-0.02,-0.00]"
transformer_sweep,8,3,neutral,0.9607,-0.014,-0.022,-0.01,1,3,"r04=-0.010[-0.02,+0.00] r05=-0.010[-0.02,+0.00] r06=-0.022[-0.04,-0.01]"
transformer_sweep,8,3,oracle,0.9747,0.0,0.0,0.0,0,3,"r04=+0.000[+0.00,+0.00] r05=+0.000[+0.00,+0.00] r06=+0.000[+0.00,+0.00]"
transformer_sweep,8,3,reordered,0.976,0.0013,0.0,0.002,0,3,"r04=+0.000[+0.00,+0.00] r05=+0.002[+0.00,+0.01] r06=+0.002[+0.00,+0.01]"
transformer_sweep,8,7,generated,0.962,-0.0333,-0.042,-0.026,3,3,"r04=-0.026[-0.04,-0.01] r05=-0.032[-0.05,-0.02] r06=-0.042[-0.06,-0.03]"
transformer_sweep,8,7,neutral,0.9607,-0.0347,-0.04,-0.03,3,3,"r04=-0.034[-0.05,-0.02] r05=-0.040[-0.06,-0.02] r06=-0.030[-0.05,-0.01]"
transformer_sweep,8,7,oracle,0.9953,0.0,0.0,0.0,0,3,"r04=+0.000[+0.00,+0.00] r05=+0.000[+0.00,+0.00] r06=+0.000[+0.00,+0.00]"
transformer_sweep,8,7,reordered,0.9953,0.0,0.0,0.0,0,3,"r04=+0.000[+0.00,+0.00] r05=+0.000[+0.00,+0.00] r06=+0.000[+0.00,+0.00]"
transformer_sweep,32,0,none,0.8153,0.0,0.0,0.0,0,3,"r04=+0.000[+0.00,+0.00] r05=+0.000[+0.00,+0.00] r06=+0.000[+0.00,+0.00]"
transformer_sweep,32,3,generated,0.8227,-0.014,-0.016,-0.01,2,3,"r04=-0.010[-0.02,+0.00] r05=-0.016[-0.03,-0.00] r06=-0.016[-0.03,-0.00]"
transformer_sweep,32,3,neutral,0.8113,-0.0253,-0.03,-0.022,3,3,"r04=-0.030[-0.05,-0.01] r05=-0.024[-0.04,-0.01] r06=-0.022[-0.04,-0.00]"
transformer_sweep,32,3,oracle,0.8367,0.0,0.0,0.0,0,3,"r04=+0.000[+0.00,+0.00] r05=+0.000[+0.00,+0.00] r06=+0.000[+0.00,+0.00]"
transformer_sweep,32,3,reordered,0.834,-0.0027,-0.008,0.0,0,3,"r04=+0.000[-0.01,+0.01] r05=-0.008[-0.02,+0.00] r06=+0.000[-0.01,+0.01]"
transformer_sweep,32,7,generated,0.852,-0.0207,-0.03,-0.014,2,3,"r04=-0.018[-0.03,-0.00] r05=-0.014[-0.03,+0.00] r06=-0.030[-0.05,-0.01]"
transformer_sweep,32,7,neutral,0.8427,-0.03,-0.034,-0.026,3,3,"r04=-0.030[-0.05,-0.01] r05=-0.026[-0.05,-0.00] r06=-0.034[-0.06,-0.01]"
transformer_sweep,32,7,oracle,0.8727,0.0,0.0,0.0,0,3,"r04=+0.000[+0.00,+0.00] r05=+0.000[+0.00,+0.00] r06=+0.000[+0.00,+0.00]"
transformer_sweep,32,7,reordered,0.872,-0.0007,-0.002,0.0,0,3,"r04=+0.000[-0.01,+0.01] r05=-0.002[-0.01,+0.01] r06=+0.000[-0.01,+0.01]"
transformer_sweep,32,15,generated,0.8467,-0.0527,-0.066,-0.042,3,3,"r04=-0.042[-0.07,-0.02] r05=-0.066[-0.09,-0.04] r06=-0.050[-0.07,-0.03]"
transformer_sweep,32,15,neutral,0.8253,-0.074,-0.102,-0.054,3,3,"r04=-0.054[-0.08,-0.03] r05=-0.066[-0.09,-0.04] r06=-0.102[-0.13,-0.07]"
transformer_sweep,32,15,oracle,0.8993,0.0,0.0,0.0,0,3,"r04=+0.000[+0.00,+0.00] r05=+0.000[+0.00,+0.00] r06=+0.000[+0.00,+0.00]"
transformer_sweep,32,15,reordered,0.8953,-0.004,-0.012,0.002,1,3,"r04=-0.012[-0.02,-0.00] r05=-0.002[-0.01,+0.01] r06=+0.002[-0.01,+0.01]"
transformer_sweep,64,0,none,0.65,0.0,0.0,0.0,0,3,"r04=+0.000[+0.00,+0.00] r05=+0.000[+0.00,+0.00] r06=+0.000[+0.00,+0.00]"
transformer_sweep,64,3,generated,0.6393,-0.0133,-0.018,-0.006,1,3,"r04=-0.006[-0.02,+0.01] r05=-0.018[-0.04,+0.00] r06=-0.016[-0.03,-0.00]"
transformer_sweep,64,3,neutral,0.648,-0.0047,-0.012,0.004,0,3,"r04=+0.004[-0.01,+0.02] r05=-0.006[-0.03,+0.02] r06=-0.012[-0.03,+0.01]"
transformer_sweep,64,3,oracle,0.6527,0.0,0.0,0.0,0,3,"r04=+0.000[+0.00,+0.00] r05=+0.000[+0.00,+0.00] r06=+0.000[+0.00,+0.00]"
transformer_sweep,64,3,reordered,0.654,0.0013,-0.004,0.008,0,3,"r04=+0.008[+0.00,+0.02] r05=-0.004[-0.01,+0.00] r06=+0.000[-0.01,+0.01]"
transformer_sweep,64,7,generated,0.6567,-0.0127,-0.016,-0.01,0,3,"r04=-0.010[-0.03,+0.01] r05=-0.012[-0.03,+0.01] r06=-0.016[-0.04,+0.01]"
transformer_sweep,64,7,neutral,0.67,0.0007,-0.02,0.018,0,3,"r04=-0.020[-0.05,+0.00] r05=+0.018[-0.01,+0.04] r06=+0.004[-0.02,+0.03]"
transformer_sweep,64,7,oracle,0.6693,0.0,0.0,0.0,0,3,"r04=+0.000[+0.00,+0.00] r05=+0.000[+0.00,+0.00] r06=+0.000[+0.00,+0.00]"
transformer_sweep,64,7,reordered,0.6673,-0.002,-0.012,0.004,0,3,"r04=-0.012[-0.03,+0.00] r05=+0.004[-0.00,+0.01] r06=+0.002[-0.01,+0.01]"
transformer_sweep,64,15,generated,0.6413,-0.0553,-0.078,-0.038,3,3,"r04=-0.038[-0.07,-0.01] r05=-0.078[-0.11,-0.05] r06=-0.050[-0.08,-0.02]"
transformer_sweep,64,15,neutral,0.6613,-0.0353,-0.078,0.0,1,3,"r04=+0.000[-0.03,+0.03] r05=-0.078[-0.11,-0.04] r06=-0.028[-0.06,+0.01]"
transformer_sweep,64,15,oracle,0.6967,0.0,0.0,0.0,0,3,"r04=+0.000[+0.00,+0.00] r05=+0.000[+0.00,+0.00] r06=+0.000[+0.00,+0.00]"
transformer_sweep,64,15,reordered,0.6933,-0.0033,-0.006,-0.002,0,3,"r04=-0.002[-0.02,+0.01] r05=-0.002[-0.01,+0.00] r06=-0.006[-0.02,+0.01]"
