model,mode,pass,seq_len_nominal,seq_len_true_tokens,n_bindings,n_queries,distractor_density,accuracy_exact,accuracy_per_query,ci_low,ci_high,ci_low_pq,ci_high_pq,n,seed,n_seeds,per_seed
hybrid_sweep,assoc_recall,2,128,128.3,8,8,0.0,0.9993,0.9999,0.998,1.0,0.9998,1.0,1000,r04+r05+r06,3,r04=1.000 r05=1.000 r06=1.000
transformer_sweep,assoc_recall,2,128,128.3,8,8,0.0,0.826,0.9764,0.819,0.832,0.9746,0.9779,1000,r04+r05+r06,3,r04=0.975 r05=0.978 r06=0.977
gated_linear_sweep,assoc_recall,2,128,128.3,8,8,0.0,0.9573,0.9944,0.913,0.991,0.9884,0.9989,1000,r04+r05+r06,3,r04=0.988 r05=0.996 r06=0.999
hybrid_sweep,assoc_recall,2,256,256.3,8,8,0.0,0.9987,0.9998,0.997,1.0,0.9996,1.0,1000,r04+r05+r06,3,r04=1.000 r05=1.000 r06=1.000
transformer_sweep,assoc_recall,2,256,256.3,8,8,0.0,0.8487,0.9794,0.84,0.857,0.9775,0.9805,1000,r04+r05+r06,3,r04=0.978 r05=0.980 r06=0.981
gated_linear_sweep,assoc_recall,2,256,256.3,8,8,0.0,0.9563,0.9943,0.915,0.997,0.9889,0.9996,1000,r04+r05+r06,3,r04=0.989 r05=0.995 r06=1.000
hybrid_sweep,assoc_recall,2,512,512.3,8,8,0.0,0.9987,0.9998,0.996,1.0,0.9995,1.0,1000,r04+r05+r06,3,r04=1.000 r05=1.000 r06=1.000
transformer_sweep,assoc_recall,2,512,512.3,8,8,0.0,0.834,0.9775,0.826,0.846,0.9766,0.9789,1000,r04+r05+r06,3,r04=0.977 r05=0.977 r06=0.979
gated_linear_sweep,assoc_recall,2,512,512.3,8,8,0.0,0.9537,0.9937,0.901,0.987,0.9866,0.9982,1000,r04+r05+r06,3,r04=0.987 r05=0.996 r06=0.998
hybrid_sweep,assoc_recall,2,1024,1024.4,8,8,0.0,0.94,0.9922,0.901,0.983,0.987,0.9979,1000,r04+r05+r06,3,r04=0.987 r05=0.992 r06=0.998
transformer_sweep,assoc_recall,2,1024,1024.4,8,8,0.0,0.5817,0.9289,0.508,0.683,0.9133,0.9504,1000,r04+r05+r06,3,r04=0.923 r05=0.913 r06=0.950
gated_linear_sweep,assoc_recall,2,1024,1024.4,8,8,0.0,0.9513,0.9935,0.92,0.976,0.9892,0.997,1000,r04+r05+r06,3,r04=0.989 r05=0.994 r06=0.997
hybrid_sweep,assoc_recall,2,2048,2048.3,8,8,0.0,0.0,0.3156,0.0,0.0,0.2259,0.3904,1000,r04+r05+r06,3,r04=0.331 r05=0.226 r06=0.390
transformer_sweep,assoc_recall,2,2048,2048.3,8,8,0.0,0.0,0.1112,0.0,0.0,0.0187,0.2191,1000,r04+r05+r06,3,r04=0.096 r05=0.019 r06=0.219
gated_linear_sweep,assoc_recall,2,2048,2048.3,8,8,0.0,0.9323,0.9913,0.898,0.956,0.9869,0.9941,1000,r04+r05+r06,3,r04=0.987 r05=0.994 r06=0.993
hybrid_sweep,assoc_recall,2,4096,4096.3,8,8,0.0,0.0,0.0313,0.0,0.0,0.0232,0.0462,1000,r04+r05+r06,3,r04=0.023 r05=0.046 r06=0.025
transformer_sweep,assoc_recall,2,4096,4096.3,8,8,0.0,0.0,0.0134,0.0,0.0,0.0107,0.0186,1000,r04+r05+r06,3,r04=0.011 r05=0.011 r06=0.019
gated_linear_sweep,assoc_recall,2,4096,4096.3,8,8,0.0,0.8533,0.98,0.794,0.932,0.9718,0.9911,1000,r04+r05+r06,3,r04=0.977 r05=0.991 r06=0.972
hybrid_sweep,assoc_recall,2,8192,8192.3,8,8,0.0,0.0,0.0122,0.0,0.0,0.0111,0.0129,1000,r04+r05+r06,3,r04=0.013 r05=0.013 r06=0.011
transformer_sweep,assoc_recall,2,8192,8192.3,8,8,0.0,0.0,0.0102,0.0,0.0,0.0094,0.0114,1000,r04+r05+r06,3,r04=0.010 r05=0.011 r06=0.009
gated_linear_sweep,assoc_recall,2,8192,8192.3,8,8,0.0,0.6957,0.9529,0.5,0.897,0.919,0.9861,1000,r04+r05+r06,3,r04=0.954 r05=0.986 r06=0.919
