run,init,gamma0,seed,recall_2,recall_4,recall_8,recall_16,recall_32,recall_64,recall_128,steps_to_0.5,final_step,final_heldout,l0_log10_retention,l0_bias,keep_l0_delta_32
r04,legacy,0.5,0,0.999,0.995,0.9892,0.9639,0.882,0.4893,0.2224,7000,15000,0.839,-141.066,-0.0438,-0.8721
r05,legacy,0.5,1,1.0,0.998,0.9942,0.9828,0.9353,0.7541,0.4563,6500,15000,0.913,-141.685,-0.1067,-0.9184
r06,legacy,0.5,2,1.0,0.9992,0.9994,0.9953,0.9711,0.555,0.3067,4500,12500,0.955,-165.499,-0.065,-0.9575
r09,bias0,0.5,0,1.0,0.9965,0.9905,0.9634,0.8583,0.5119,0.2219,5000,14500,0.815,-155.29,-0.0592,-0.8479
r10,bias0,0.5,1,0.9975,0.985,0.9711,0.9116,0.7518,0.4193,0.1843,10500,15000,0.726,-144.806,-0.0791,-0.7469
r12,bias0,0.5,2,0.9995,0.9968,0.9894,0.97,0.8833,0.6374,0.3093,5500,15000,0.852,-181.757,-0.0564,-0.8825
r08,bias2,0.881,0,0.851,0.7045,0.5315,0.3599,0.1434,0.0793,0.0489,,8000,0.194,-71.393,1.786,-0.1344
r11,bias2,0.881,1,0.988,0.9677,0.9046,0.7649,0.5155,0.0962,0.0495,13000,14000,0.521,-81.533,1.7816,-0.4979
r13,bias2,0.881,2,0.7765,0.6075,0.4739,0.3431,0.1491,0.0676,0.0242,,15000,0.178,-52.296,1.7228,-0.1454
r07,bias6,0.9975,0,0.9775,0.929,0.854,0.7184,0.3553,0.0819,0.0446,,10500,0.385,-1.22,5.8175,-0.1781
