model,n_bindings,key_digits,accuracy_per_query,ci_low,ci_high,n_queries,seed
hybrid_sweep,16,1,0.0,0.0,0.4345,5,0
hybrid_sweep,16,2,0.0,0.0,0.0363,102,0
hybrid_sweep,16,3,0.0,0.0,0.1546,21,0
transformer_sweep,16,1,0.0,0.0,0.4345,5,0
transformer_sweep,16,2,0.0098,0.0017,0.0535,102,0
transformer_sweep,16,3,0.0,0.0,0.1546,21,0
gated_linear_sweep,16,1,0.0,0.0,0.4345,5,0
gated_linear_sweep,16,2,0.0098,0.0017,0.0535,102,0
gated_linear_sweep,16,3,0.0,0.0,0.1546,21,0
hybrid_sweep,32,1,0.0,0.0,0.3543,7,0
hybrid_sweep,32,2,0.0417,0.0163,0.1023,96,0
hybrid_sweep,32,3,0.0,0.0,0.1332,25,0
transformer_sweep,32,1,0.0,0.0,0.3543,7,0
transformer_sweep,32,2,0.0312,0.0107,0.0879,96,0
transformer_sweep,32,3,0.0,0.0,0.1332,25,0
gated_linear_sweep,32,1,0.0,0.0,0.3543,7,0
gated_linear_sweep,32,2,0.0312,0.0107,0.0879,96,0
gated_linear_sweep,32,3,0.0,0.0,0.1332,25,0
hybrid_sweep,64,1,0.0,0.0,0.2425,12,0
hybrid_sweep,64,2,0.044,0.0172,0.1076,91,0
hybrid_sweep,64,3,0.0,0.0,0.1332,25,0
transformer_sweep,64,1,0.0,0.0,0.2425,12,0
transformer_sweep,64,2,0.0,0.0,0.0405,91,0
transformer_sweep,64,3,0.04,0.0071,0.1954,25,0
gated_linear_sweep,64,1,0.0,0.0,0.2425,12,0
gated_linear_sweep,64,2,0.0,0.0,0.0405,91,0
gated_linear_sweep,64,3,0.04,0.0071,0.1954,25,0
